{
    "zabbix_export": {
        "version": "7.0",
        "template_groups": [
            {
                "uuid": "a571c0d144b14fd4a87a9d9b2aa9fce6",
                "name": "Templates/WebServer Monitoring"
            }
        ],
        "templates": [
            {
                "uuid": "a8d91e4f36794e32b73090d5edf3d7ee",
                "template": "Apache",
                "name": "Apache",
                "groups": [
                    {
                        "name": "Templates/WebServer Monitoring"
                    }
                ],
                "items": [
                    {
                        "uuid": "2d3ebb059bd944ee8a7b95e2c60b08f0",
                        "name": "Total bytes",
                        "type": "DEPENDENT",
                        "key": "apache.bytes",
                        "value_type": "FLOAT",
                        "units": "B",
                        "description": "The total bytes served.",
                        "preprocessing": [
                            {
                                "type": "JSONPATH",
                                "parameters": [
                                    "$[\"Total kBytes\"]"
                                ]
                            },
                            {
                                "type": "MULTIPLIER",
                                "parameters": [
                                    "1024"
                                ]
                            }
                        ],
                        "master_item": {
                            "key": "web.page.get[\"{$APACHE.STATUS.SCHEME}://{$APACHE.STATUS.HOST}:{$APACHE.STATUS.PORT}/{$APACHE.STATUS.PATH}\"]"
                        },
                        "tags": [
                            {
                                "tag": "component",
                                "value": "network"
                            },
                            {
                                "tag": "template",
                                "value": "Apache"
                            }
                        ]
                    },
                    {
                        "uuid": "be97c53d82f846cdbc2d0ec640435b6f",
                        "name": "Bytes per second",
                        "type": "DEPENDENT",
                        "key": "apache.bytes.rate",
                        "value_type": "FLOAT",
                        "units": "Bps",
                        "description": "It is calculated as a rate of change for total bytes statistics.\n`BytesPerSec` is not used, as it counts the average since the last Apache server start.",
                        "preprocessing": [
                            {
                                "type": "JSONPATH",
                                "parameters": [
                                    "$[\"Total kBytes\"]"
                                ]
                            },
                            {
                                "type": "MULTIPLIER",
                                "parameters": [
                                    "1024"
                                ]
                            },
                            {
                                "type": "CHANGE_PER_SECOND"
                            }
                        ],
                        "master_item": {
                            "key": "web.page.get[\"{$APACHE.STATUS.SCHEME}://{$APACHE.STATUS.HOST}:{$APACHE.STATUS.PORT}/{$APACHE.STATUS.PATH}\"]"
                        },
                        "tags": [
                            {
                                "tag": "component",
                                "value": "network"
                            },
                            {
                                "tag": "template",
                                "value": "Apache"
                            }
                        ]
                    },
                    {
                        "uuid": "5919f29c692b468fb5642e83f408c2e5",
                        "name": "Total requests",
                        "type": "DEPENDENT",
                        "key": "apache.requests",
                        "description": "The total number of the Apache server accesses.",
                        "preprocessing": [
                            {
                                "type": "JSONPATH",
                                "parameters": [
                                    "$[\"Total Accesses\"]"
                                ]
                            }
                        ],
                        "master_item": {
                            "key": "web.page.get[\"{$APACHE.STATUS.SCHEME}://{$APACHE.STATUS.HOST}:{$APACHE.STATUS.PORT}/{$APACHE.STATUS.PATH}\"]"
                        },
                        "tags": [
                            {
                                "tag": "component",
                                "value": "network"
                            },
                            {
                                "tag": "template",
                                "value": "Apache"
                            }
                        ]
                    },
                    {
                        "uuid": "7e1e674a23d24fafa31b76a048fe9fd0",
                        "name": "Requests per second",
                        "type": "DEPENDENT",
                        "key": "apache.requests.rate",
                        "value_type": "FLOAT",
                        "description": "It is calculated as a rate of change for the \"Total requests\" statistics.\n`ReqPerSec` is not used, as it counts the average since the last Apache server start.",
                        "preprocessing": [
                            {
                                "type": "JSONPATH",
                                "parameters": [
                                    "$[\"Total Accesses\"]"
                                ]
                            },
                            {
                                "type": "CHANGE_PER_SECOND"
                            }
                        ],
                        "master_item": {
                            "key": "web.page.get[\"{$APACHE.STATUS.SCHEME}://{$APACHE.STATUS.HOST}:{$APACHE.STATUS.PORT}/{$APACHE.STATUS.PATH}\"]"
                        },
                        "tags": [
                            {
                                "tag": "component",
                                "value": "network"
                            },
                            {
                                "tag": "template",
                                "value": "Apache"
                            }
                        ]
                    },
                    {
                        "uuid": "5a4bd2d6c2874d888ec4c82409e1c711",
                        "name": "Uptime",
                        "type": "DEPENDENT",
                        "key": "apache.uptime",
                        "units": "uptime",
                        "description": "The service uptime expressed in seconds.",
                        "preprocessing": [
                            {
                                "type": "JSONPATH",
                                "parameters": [
                                    "$.ServerUptimeSeconds"
                                ]
                            }
                        ],
                        "master_item": {
                            "key": "web.page.get[\"{$APACHE.STATUS.SCHEME}://{$APACHE.STATUS.HOST}:{$APACHE.STATUS.PORT}/{$APACHE.STATUS.PATH}\"]"
                        },
                        "tags": [
                            {
                                "tag": "component",
                                "value": "system"
                            },
                            {
                                "tag": "template",
                                "value": "Apache"
                            }
                        ],
                        "triggers": [
                            {
                                "uuid": "7872d9665c234f45941ca26206e0255c",
                                "expression": "last(/Apache/apache.uptime)<10m",
                                "name": "Host has been restarted",
                                "event_name": "{HOST.NAME} has been restarted (uptime < 10m)",
                                "priority": "INFO",
                                "description": "Uptime is less than 10 minutes.",
                                "manual_close": "YES",
                                "tags": [
                                    {
                                        "tag": "scope",
                                        "value": "notice"
                                    }
                                ]
                            }
                        ]
                    },
                    {
                        "uuid": "78a611c2b15c4ae8949257b6fdf922f1",
                        "name": "Version",
                        "type": "DEPENDENT",
                        "key": "apache.version",
                        "value_type": "CHAR",
                        "description": "The Apache service version.",
                        "preprocessing": [
                            {
                                "type": "JSONPATH",
                                "parameters": [
                                    "$.ServerVersion"
                                ]
                            },
                            {
                                "type": "DISCARD_UNCHANGED_HEARTBEAT",
                                "parameters": [
                                    "1d"
                                ]
                            }
                        ],
                        "master_item": {
                            "key": "web.page.get[\"{$APACHE.STATUS.SCHEME}://{$APACHE.STATUS.HOST}:{$APACHE.STATUS.PORT}/{$APACHE.STATUS.PATH}\"]"
                        },
                        "tags": [
                            {
                                "tag": "component",
                                "value": "system"
                            },
                            {
                                "tag": "template",
                                "value": "Apache"
                            }
                        ],
                        "triggers": [
                            {
                                "uuid": "5124b17918f545758ca5c936332f51cd",
                                "expression": "last(/Apache/apache.version,#1)<>last(/Apache/apache.version,#2) and length(last(/Apache/apache.version))>0",
                                "name": "Version has changed",
                                "event_name": "Version has changed (new version: {ITEM.VALUE})",
                                "priority": "INFO",
                                "description": "Apache version has changed. Acknowledge to close the problem manually.",
                                "manual_close": "YES",
                                "tags": [
                                    {
                                        "tag": "scope",
                                        "value": "notice"
                                    }
                                ]
                            }
                        ]
                    },
                    {
                        "uuid": "ebd391702cbd432ab458578a3cb45361",
                        "name": "Workers closing connection",
                        "type": "DEPENDENT",
                        "key": "apache.workers.closing",
                        "description": "The number of workers in closing state.",
                        "preprocessing": [
                            {
                                "type": "JSONPATH",
                                "parameters": [
                                    "$.Workers.closing"
                                ]
                            }
                        ],
                        "master_item": {
                            "key": "web.page.get[\"{$APACHE.STATUS.SCHEME}://{$APACHE.STATUS.HOST}:{$APACHE.STATUS.PORT}/{$APACHE.STATUS.PATH}\"]"
                        },
                        "tags": [
                            {
                                "tag": "component",
                                "value": "system"
                            },
                            {
                                "tag": "template",
                                "value": "Apache"
                            }
                        ]
                    },
                    {
                        "uuid": "60cf954a40594cf69afdd1bf0319c031",
                        "name": "Workers slot with no current process",
                        "type": "DEPENDENT",
                        "key": "apache.workers.slot",
                        "description": "The number of slots with no current process.",
                        "preprocessing": [
                            {
                                "type": "JSONPATH",
                                "parameters": [
                                    "$.Workers.slot"
                                ]
                            }
                        ],
                        "master_item": {
                            "key": "web.page.get[\"{$APACHE.STATUS.SCHEME}://{$APACHE.STATUS.HOST}:{$APACHE.STATUS.PORT}/{$APACHE.STATUS.PATH}\"]"
                        },
                        "tags": [
                            {
                                "tag": "component",
                                "value": "system"
                            },
                            {
                                "tag": "template",
                                "value": "Apache"
                            }
                        ]
                    },
                    {
                        "uuid": "441c797164bf4c8da8112d78240abc43",
                        "name": "Workers starting up",
                        "type": "DEPENDENT",
                        "key": "apache.workers.starting",
                        "description": "The number of workers in starting state.",
                        "preprocessing": [
                            {
                                "type": "JSONPATH",
                                "parameters": [
                                    "$.Workers.starting"
                                ]
                            }
                        ],
                        "master_item": {
                            "key": "web.page.get[\"{$APACHE.STATUS.SCHEME}://{$APACHE.STATUS.HOST}:{$APACHE.STATUS.PORT}/{$APACHE.STATUS.PATH}\"]"
                        },
                        "tags": [
                            {
                                "tag": "component",
                                "value": "system"
                            },
                            {
                                "tag": "template",
                                "value": "Apache"
                            }
                        ]
                    },
                    {
                        "uuid": "ec87e89ee9304acd8c7a76e863cb4443",
                        "name": "Workers waiting for connection",
                        "type": "DEPENDENT",
                        "key": "apache.workers.waiting",
                        "description": "The number of workers in waiting state.",
                        "preprocessing": [
                            {
                                "type": "JSONPATH",
                                "parameters": [
                                    "$.Workers.waiting"
                                ]
                            }
                        ],
                        "master_item": {
                            "key": "web.page.get[\"{$APACHE.STATUS.SCHEME}://{$APACHE.STATUS.HOST}:{$APACHE.STATUS.PORT}/{$APACHE.STATUS.PATH}\"]"
                        },
                        "tags": [
                            {
                                "tag": "component",
                                "value": "system"
                            },
                            {
                                "tag": "template",
                                "value": "Apache"
                            }
                        ]
                    },
                    {
                        "uuid": "b52addb50ccb415fb63eaf67076991c1",
                        "name": "Total workers busy",
                        "type": "DEPENDENT",
                        "key": "apache.workers_total.busy",
                        "description": "The total number of busy worker threads/processes.",
                        "preprocessing": [
                            {
                                "type": "JSONPATH",
                                "parameters": [
                                    "$.BusyWorkers"
                                ]
                            }
                        ],
                        "master_item": {
                            "key": "web.page.get[\"{$APACHE.STATUS.SCHEME}://{$APACHE.STATUS.HOST}:{$APACHE.STATUS.PORT}/{$APACHE.STATUS.PATH}\"]"
                        },
                        "tags": [
                            {
                                "tag": "component",
                                "value": "system"
                            },
                            {
                                "tag": "template",
                                "value": "Apache"
                            }
                        ]
                    },
                    {
                        "uuid": "6955f78c203b435987b5ab75a1114867",
                        "name": "Total workers idle",
                        "type": "DEPENDENT",
                        "key": "apache.workers_total.idle",
                        "description": "The total number of idle worker threads/processes.",
                        "preprocessing": [
                            {
                                "type": "JSONPATH",
                                "parameters": [
                                    "$.IdleWorkers"
                                ]
                            }
                        ],
                        "master_item": {
                            "key": "web.page.get[\"{$APACHE.STATUS.SCHEME}://{$APACHE.STATUS.HOST}:{$APACHE.STATUS.PORT}/{$APACHE.STATUS.PATH}\"]"
                        },
                        "tags": [
                            {
                                "tag": "component",
                                "value": "system"
                            },
                            {
                                "tag": "template",
                                "value": "Apache"
                            }
                        ]
                    },
                    {
                        "uuid": "267ca6fe038346e5be1113f3bf9b4023",
                        "name": "Service response time",
                        "key": "net.tcp.service.perf[http,\"{$APACHE.STATUS.HOST}\",\"{$APACHE.STATUS.PORT}\"]",
                        "value_type": "FLOAT",
                        "units": "s",
                        "tags": [
                            {
                                "tag": "component",
                                "value": "application"
                            },
                            {
                                "tag": "component",
                                "value": "health"
                            },
                            {
                                "tag": "template",
                                "value": "Apache"
                            }
                        ]
                    },
                    {
                        "uuid": "369f00e2970048c786ce3bd609e65566",
                        "name": "Service ping",
                        "key": "net.tcp.service[http,\"{$APACHE.STATUS.HOST}\",\"{$APACHE.STATUS.PORT}\"]",
                        "valuemap": {
                            "name": "Service state"
                        },
                        "preprocessing": [
                            {
                                "type": "DISCARD_UNCHANGED_HEARTBEAT",
                                "parameters": [
                                    "10m"
                                ]
                            }
                        ],
                        "tags": [
                            {
                                "tag": "component",
                                "value": "application"
                            },
                            {
                                "tag": "component",
                                "value": "health"
                            },
                            {
                                "tag": "template",
                                "value": "Apache"
                            }
                        ],
                        "triggers": [
                            {
                                "uuid": "c4a54f6bdbe846f38c8584c18da19335",
                                "expression": "last(/Apache/net.tcp.service[http,\"{$APACHE.STATUS.HOST}\",\"{$APACHE.STATUS.PORT}\"])=0",
                                "name": "Apache Service is down",
                                "priority": "HIGH"
                            }
                        ]
                    },
                    {
                        "uuid": "c7ffcee48648417990e46689aa6cdd87",
                        "name": "Get Concurrent connections HTTP",
                        "key": "port.connections[80]",
                        "delay": "30s",
                        "tags": [
                            {
                                "tag": "template",
                                "value": "Apache"
                            }
                        ]
                    },
                    {
                        "uuid": "12b4f9246513485ea709c15abfe62570",
                        "name": "Get Concurrent connections HTTPS",
                        "key": "port.connections[443]",
                        "delay": "30s",
                        "tags": [
                            {
                                "tag": "template",
                                "value": "Apache"
                            }
                        ]
                    },
                    {
                        "uuid": "67e64c7a54544ec3bdc9cf6c1f1c9787",
                        "name": "Get SSL Expiry in Days",
                        "key": "sslcertexpire[\"{$APACHE.DNS.NAME}\"]",
                        "tags": [
                            {
                                "tag": "template",
                                "value": "Apache"
                            }
                        ],
                        "triggers": [
                            {
                                "uuid": "b64a9654949a472aa9495f4d6b4b23a3",
                                "expression": "last(/Apache/sslcertexpire[\"{$APACHE.DNS.NAME}\"])<=7",
                                "name": "\"{$APACHE.DNS.NAME}\" SSL is expiring soon",
                                "priority": "HIGH"
                            }
                        ]
                    },
                    {
                        "uuid": "115413a0f5ab4caba418ab841ad81eba",
                        "name": "Get status",
                        "key": "web.page.get[\"{$APACHE.STATUS.SCHEME}://{$APACHE.STATUS.HOST}:{$APACHE.STATUS.PORT}/{$APACHE.STATUS.PATH}\"]",
                        "history": "1h",
                        "value_type": "TEXT",
                        "description": "Getting data from a machine-readable version of the Apache status page.\nFor more information see Apache Module [mod_status](https://httpd.apache.org/docs/current/mod/mod_status.html).",
                        "preprocessing": [
                            {
                                "type": "JAVASCRIPT",
                                "parameters": [
                                    "var lines = value.split('\\n');\nvar output = {},\n\tworkers = {\n\t\t'_': 0, 'S': 0, 'R': 0, 'W': 0,\n\t\t'K': 0, 'D': 0, 'C': 0, 'L': 0,\n\t\t'G': 0, 'I': 0, '.': 0\n\t};\n\nfor (var i = 0; i < lines.length; i++) {\n\tvar line = lines[i].match(/([A-z0-9 ]+): (.*)/);\n\n\tif (line !== null) {\n\t\toutput[line[1]] = isNaN(line[2]) ? line[2] : Number(line[2]);\n\t}\n}\n\noutput.ServerUptimeSeconds = output.ServerUptimeSeconds || output.Uptime;\noutput.ServerVersion = output.ServerVersion || output.Server;\n\nif (typeof output.Scoreboard === 'string') {\n\tfor (var i = 0; i < output.Scoreboard.length; i++) {\n\t\tvar char = output.Scoreboard[i];\n\n\t\tworkers[char]++;\n\t}\n}\n\noutput.Workers = {\n\twaiting: workers['_'], starting: workers['S'], reading: workers['R'],\n\tsending: workers['W'], keepalive: workers['K'], dnslookup: workers['D'],\n\tclosing: workers['C'], logging: workers['L'], finishing: workers['G'],\n\tcleanup: workers['I'], slot: workers['.']\n};\n\nreturn JSON.stringify(output);"
                                ]
                            }
                        ],
                        "tags": [
                            {
                                "tag": "component",
                                "value": "raw"
                            },
                            {
                                "tag": "template",
                                "value": "Apache"
                            }
                        ]
                    }
                ],
                "tags": [
                    {
                        "tag": "class",
                        "value": "software"
                    },
                    {
                        "tag": "target",
                        "value": "apache"
                    },
                    {
                        "tag": "template",
                        "value": "Apache"
                    }
                ],
                "macros": [
                    {
                        "macro": "{$APACHE.DNS.NAME}",
                        "description": "Enter the name of the site configured with apache server"
                    },
                    {
                        "macro": "{$APACHE.PROCESS.NAME.PARAMETER}",
                        "description": "The process name of the Apache web server used in the item key `proc.get`. It could be specified if the correct process name is known."
                    },
                    {
                        "macro": "{$APACHE.PROCESS_NAME}",
                        "value": "(httpd|apache2)",
                        "description": "The process name filter for the Apache process discovery."
                    },
                    {
                        "macro": "{$APACHE.RESPONSE_TIME.MAX.WARN}",
                        "value": "10",
                        "description": "The maximum Apache response time expressed in seconds for a trigger expression."
                    },
                    {
                        "macro": "{$APACHE.STATUS.HOST}",
                        "value": "127.0.0.1",
                        "description": "The hostname or IP address of the Apache status page."
                    },
                    {
                        "macro": "{$APACHE.STATUS.PATH}",
                        "value": "server-status?auto",
                        "description": "The URL path."
                    },
                    {
                        "macro": "{$APACHE.STATUS.PORT}",
                        "value": "80",
                        "description": "The port of the Apache status page."
                    },
                    {
                        "macro": "{$APACHE.STATUS.SCHEME}",
                        "value": "http",
                        "description": "The request scheme, which may be either HTTP or HTTPS."
                    }
                ],
                "dashboards": [
                    {
                        "uuid": "c27c68fb9c234a09b4023076b45affc1",
                        "name": "Apache performance",
                        "pages": [
                            {
                                "name": "General",
                                "widgets": [
                                    {
                                        "type": "item",
                                        "name": "Apache Service",
                                        "width": "12",
                                        "height": "3",
                                        "fields": [
                                            {
                                                "type": "ITEM",
                                                "name": "itemid.0",
                                                "value": {
                                                    "host": "Apache",
                                                    "key": "net.tcp.service[http,\"{$APACHE.STATUS.HOST}\",\"{$APACHE.STATUS.PORT}\"]"
                                                }
                                            }
                                        ]
                                    },
                                    {
                                        "type": "svggraph",
                                        "name": "HTTP Concurrent Connections",
                                        "y": "3",
                                        "width": "36",
                                        "height": "5",
                                        "fields": [
                                            {
                                                "type": "STRING",
                                                "name": "ds.0.color",
                                                "value": "FF465C"
                                            },
                                            {
                                                "type": "STRING",
                                                "name": "ds.0.items.0",
                                                "value": "Get Concurrent connections HTTP"
                                            },
                                            {
                                                "type": "STRING",
                                                "name": "reference",
                                                "value": "RQDWI"
                                            },
                                            {
                                                "type": "INTEGER",
                                                "name": "righty",
                                                "value": "0"
                                            }
                                        ]
                                    },
                                    {
                                        "type": "graph",
                                        "y": "8",
                                        "width": "72",
                                        "height": "7",
                                        "fields": [
                                            {
                                                "type": "GRAPH",
                                                "name": "graphid.0",
                                                "value": {
                                                    "host": "Apache",
                                                    "name": "Apache: Worker states"
                                                }
                                            },
                                            {
                                                "type": "STRING",
                                                "name": "reference",
                                                "value": "AAAAA"
                                            }
                                        ]
                                    },
                                    {
                                        "type": "graph",
                                        "y": "15",
                                        "width": "36",
                                        "height": "5",
                                        "fields": [
                                            {
                                                "type": "GRAPH",
                                                "name": "graphid.0",
                                                "value": {
                                                    "host": "Apache",
                                                    "name": "Apache: Requests per second"
                                                }
                                            },
                                            {
                                                "type": "STRING",
                                                "name": "reference",
                                                "value": "AAAAB"
                                            }
                                        ]
                                    },
                                    {
                                        "type": "item",
                                        "name": "SSL Expiry",
                                        "x": "12",
                                        "width": "12",
                                        "height": "3",
                                        "fields": [
                                            {
                                                "type": "ITEM",
                                                "name": "itemid.0",
                                                "value": {
                                                    "host": "Apache",
                                                    "key": "sslcertexpire[\"{$APACHE.DNS.NAME}\"]"
                                                }
                                            }
                                        ]
                                    },
                                    {
                                        "type": "svggraph",
                                        "name": "HTTPS Concurrent Connections",
                                        "x": "36",
                                        "y": "3",
                                        "width": "36",
                                        "height": "5",
                                        "fields": [
                                            {
                                                "type": "STRING",
                                                "name": "ds.0.color",
                                                "value": "FF465C"
                                            },
                                            {
                                                "type": "STRING",
                                                "name": "ds.0.items.0",
                                                "value": "Get Concurrent connections HTTPS"
                                            },
                                            {
                                                "type": "STRING",
                                                "name": "reference",
                                                "value": "FFDSQ"
                                            },
                                            {
                                                "type": "INTEGER",
                                                "name": "righty",
                                                "value": "0"
                                            }
                                        ]
                                    },
                                    {
                                        "type": "graph",
                                        "x": "36",
                                        "y": "15",
                                        "width": "36",
                                        "height": "5",
                                        "fields": [
                                            {
                                                "type": "GRAPH",
                                                "name": "graphid.0",
                                                "value": {
                                                    "host": "Apache",
                                                    "name": "Apache: Workers total"
                                                }
                                            },
                                            {
                                                "type": "STRING",
                                                "name": "reference",
                                                "value": "AAAAC"
                                            }
                                        ]
                                    }
                                ]
                            }
                        ]
                    }
                ],
                "valuemaps": [
                    {
                        "uuid": "452297e814a84b08a72730a7b777e378",
                        "name": "Service state",
                        "mappings": [
                            {
                                "value": "0",
                                "newvalue": "Down"
                            },
                            {
                                "value": "1",
                                "newvalue": "Up"
                            }
                        ]
                    }
                ]
            }
        ],
        "graphs": [
            {
                "uuid": "dfc5334e77ce45d286145cc08d036f38",
                "name": "Apache: Requests per second",
                "graph_items": [
                    {
                        "drawtype": "GRADIENT_LINE",
                        "color": "199C0D",
                        "item": {
                            "host": "Apache",
                            "key": "apache.requests.rate"
                        }
                    }
                ]
            },
            {
                "uuid": "6f646e8c11b04e8a835b81bc17824593",
                "name": "Apache: Worker states",
                "graph_items": [
                    {
                        "sortorder": "5",
                        "color": "6C59DC",
                        "item": {
                            "host": "Apache",
                            "key": "apache.workers.starting"
                        }
                    },
                    {
                        "sortorder": "6",
                        "color": "C7A72D",
                        "item": {
                            "host": "Apache",
                            "key": "apache.workers.closing"
                        }
                    },
                    {
                        "sortorder": "9",
                        "color": "5CCD18",
                        "item": {
                            "host": "Apache",
                            "key": "apache.workers.slot"
                        }
                    },
                    {
                        "sortorder": "10",
                        "color": "BB2A02",
                        "item": {
                            "host": "Apache",
                            "key": "apache.workers.waiting"
                        }
                    }
                ]
            },
            {
                "uuid": "121c2d4feb0b4b53b027f1566107ab29",
                "name": "Apache: Workers total",
                "type": "STACKED",
                "graph_items": [
                    {
                        "color": "199C0D",
                        "item": {
                            "host": "Apache",
                            "key": "apache.workers_total.busy"
                        }
                    },
                    {
                        "sortorder": "1",
                        "color": "F63100",
                        "item": {
                            "host": "Apache",
                            "key": "apache.workers_total.idle"
                        }
                    }
                ]
            },
            {
                "uuid": "d2c424bac20b4960aec5844f1b8464c3",
                "name": "Apache Service",
                "graph_items": [
                    {
                        "color": "1A7C11",
                        "calc_fnc": "ALL",
                        "item": {
                            "host": "Apache",
                            "key": "net.tcp.service[http,\"{$APACHE.STATUS.HOST}\",\"{$APACHE.STATUS.PORT}\"]"
                        }
                    }
                ]
            }
        ]
    }
}